Date,Transaction Type,Received Quantity,Received Currency,Sent Quantity,Sent Currency,Fee Currency,Fee Amount,Market Value,Source,Internal Transfer,External ID
2019-05-21T21:39:50.000Z,Income,4.4238,BTT,,,,,0.005025436800000001,Binance,FALSE,2aed857d-3fef-401c-9de6-034f8981d5b6
2019-05-23T07:54:20.000Z,Income,0.2916,MATIC,,,,,0.00836892,Binance,FALSE,98b1dcf1-c376-49a5-80fb-42f6fdc51efe
2019-05-24T09:50:15.000Z,Income,0.003,THETA,,,,,0.0003627,Binance,FALSE,8ea950de-63ef-4a20-ab15-a459d568ffba
2019-05-24T10:49:31.000Z,Income,0.0000136,DASH,,,,,0.0021820615509305042,Binance,FALSE,8aefa370-7ad0-4e28-844f-5b0a523c0f81
2019-05-26T20:07:52.000Z,Income,0.00000188,BTC,,,,,0.016332994347795827,Binance,FALSE,c197da58-f41f-4aad-aaeb-dae35a65ad34
2019-05-30T01:29:27.000Z,Income,0.4446,TRX,,,,,0.015225277744579034,Binance,FALSE,cc96a611-6ec4-4de4-86d0-a21867020e45
2019-06-03T18:02:07.000Z,Income,0.0001245,BNB,,,,,0.003979383482602958,Binance,FALSE,2aa4df39-de94-4321-bc5f-6c89bfcd9b92
2019-06-09T05:09:00.000Z,Income,0.00224,EOS,,,,,0.014201730334483806,Binance,FALSE,c0cd2e52-ea80-4a5e-87e5-5969c4d6ba3f
2019-06-17T10:47:44.000Z,Income,0.0001336,XMR,,,,,0.013158636808060993,Binance,FALSE,1b9d4b98-0f66-4aff-8517-977837dfd14f
2019-06-21T01:42:36.000Z,Income,0.1,PHB,,,,,0.00201,Binance,FALSE,ded8a4d8-828e-48d0-bd0f-69b5d2b432f9
2019-06-21T08:48:00.000Z,Income,0.0000084,ETH,,,,,0.002397806958836467,Binance,FALSE,d890c03e-7706-407b-87a5-bca9171760c8
2019-06-21T19:27:33.000Z,Income,0.0488,TNT,,,,,0.00284946804937009,Binance,FALSE,72213b90-45f6-402f-ab6a-b5c1bd91f350
2019-06-23T18:42:22.000Z,Income,0.005506,NEBL,,,,,0.0070989805270363394,Binance,FALSE,86fb42df-0373-4a0c-a8e7-b8cc0e2efee1
2019-07-06T07:19:08.000Z,Income,16.3428,DOGE,,,,,0.061230413270144717,Binance,FALSE,f15d2ef8-5a43-4bdb-9553-b5a5f16ae1b4
2019-07-15T12:41:11.000Z,Income,0.06211,VIA,,,,,0.020936646702652256,Binance,FALSE,b202381e-0e8b-484f-a34d-33f474da67ad
2019-07-15T13:02:29.000Z,Income,2,CND,,,,,0.020704752082585345,Binance,FALSE,672dabdd-c414-4a0f-94cb-4034368414b7
2019-07-15T17:00:16.000Z,Income,0.0322,DLT,,,,,0.0021941419617156426,Binance,FALSE,2a47ae20-6795-4f6e-96da-d031cec437f0
2019-07-16T13:09:39.000Z,Income,2,POWR,,,,,0.15313436435870662,Binance,FALSE,58bd6dec-2a58-4225-b070-f05f2965d956
2019-07-16T14:52:36.000Z,Income,2,POE,,,,,0.0073480582610038,Binance,FALSE,6200e0b1-c388-4498-9047-47a6dd97dd0d
2019-07-17T11:00:57.000Z,Income,0.5428,SNM,,,,,0.006684023298076838,Binance,FALSE,e3db614f-7627-48ef-b4fa-bc01723ff49c
2019-07-17T17:01:33.000Z,Income,0.9986,SYS,,,,,0.03087465358887914,Binance,FALSE,d5f01fdf-1b87-48eb-a0d6-ac2172976bd6
2019-07-18T08:12:51.000Z,Income,0.00255,NEO,,,,,0.029919821416560393,Binance,FALSE,ca8bb13d-03b3-458b-8965-38e230c39af2
2019-07-18T08:50:44.000Z,Income,0.0014,LINK,,,,,0.0037196979444406573,Binance,FALSE,58ede25e-7b25-43cf-90e1-eb4dcad31cdd
2019-07-18T13:10:20.000Z,Income,0.6212,AMB,,,,,0.01710772096558454,Binance,FALSE,d8ec2ee8-64c8-453a-a977-9c2cd6c3e1e9
2019-07-19T11:52:19.000Z,Income,0.0267326,BCD,,,,,0.021153959453068468,Binance,FALSE,5ebfd5b5-5f2a-4d02-8a77-85e8a4f68391
2019-07-19T11:52:50.000Z,Income,0.0134,EVX,,,,,0.005300017566389904,Binance,FALSE,27a129cd-eab3-463b-9bb0-34fc38298cd9
2019-07-29T08:46:01.000Z,Income,0.5938,DATA,,,,,0.0083132,Binance,FALSE,bff21707-959e-4db6-a45a-0a466e1381f3
2019-07-29T10:23:42.000Z,Income,0.0322,GRS,,,,,0.008556669464272845,Binance,FALSE,c27ab2df-e2d6-42e0-a23f-9238fc69ef2f
2019-07-29T10:44:10.000Z,Income,0.0019,MCO,,,,,0.008526931487336017,Binance,FALSE,1b4bb3b6-9c16-4a87-92a9-a70a60647e75
2019-07-29T11:23:32.000Z,Income,0.0338,ONGAS,,,,,0.00803426,Binance,FALSE,b4caf2d3-9bbf-4bba-9966-7d5aa5668d46
2019-07-29T14:39:38.000Z,Income,0.00299,KMD,,,,,0.003307818825652858,Binance,FALSE,fb969ad3-ba29-4c09-900d-340d6970410c
2019-07-29T16:43:18.000Z,Income,0.5022,BCPT,,,,,0.02178372408451923,Binance,FALSE,c904e7d0-6f0e-4cd4-897c-aa60205da4cf
2019-07-29T19:33:54.000Z,Income,0.0016432,SKY,,,,,0.0019746262013484368,Binance,FALSE,f6d286af-fb49-4a2e-b654-eaf41df9ddc4
2019-07-30T03:22:11.000Z,Income,0.1638,ELF,,,,,0.021466017915244568,Binance,FALSE,7bb3423d-517e-4c0c-adf4-f1abda65d79e
2019-07-30T13:00:22.000Z,Income,5.2572,FUEL,,,,,0.021698327247303365,Binance,FALSE,8590f153-f77f-4218-9f0f-d6f41e53a8f8
2019-07-31T10:12:37.000Z,Income,0.08311,ICX,,,,,0.022159394526308246,Binance,FALSE,0ba0b8ba-add6-4bae-8b58-4f1102b246fc
2019-07-31T11:29:48.000Z,Income,0.2172,REN,,,,,0.02202408,Binance,FALSE,742eca38-149c-4ef9-82bd-0b4f04454f4b
2019-07-31T13:38:57.000Z,Income,2.2162,DNT,,,,,0.02237518595008454,Binance,FALSE,8d24b18d-9eb2-499a-a5c2-9d04885d1c3d
2019-07-31T14:02:20.000Z,Income,0.07988,WAN,,,,,0.022796607864442733,Binance,FALSE,c618ee5f-e9c9-43c4-8dd9-f7f223b64cf2
2019-07-31T14:13:42.000Z,Income,1.2836,CDT,,,,,0.020190195347657255,Binance,FALSE,20d9ef5e-ac92-4ea6-99c3-2385a52ff46d
2019-08-01T07:40:33.000Z,Income,0.0872,ARN,,,,,0.022690890848599612,Binance,FALSE,36e07d18-bcb5-4bff-9ae6-41783210d1fd
2019-08-01T08:24:36.000Z,Income,4.3058,ONE,,,,,0.04596316410853575,Binance,FALSE,d926f8bf-afb1-4520-a85e-5d6934ed9605
2019-08-01T14:29:43.000Z,Income,0.2238,OAX,,,,,0.02311854,Binance,FALSE,23c09879-de92-426a-9bbf-8650af8d876c
2019-08-01T15:58:20.000Z,Income,0.0028,KNC,,,,,0.0005778981414016186,Binance,FALSE,e03d9ebb-59e8-4260-a643-5d3d70e01526
2019-08-01T19:55:46.000Z,Income,0.000854,NXS,,,,,0.00025647346175178,Binance,FALSE,ed41aab9-0834-4b4d-8ce3-520d92e5d254
2019-08-02T12:20:17.000Z,Income,1.8136,GO,,,,,0.023867971279281096,Binance,FALSE,11a975ce-40e4-4936-82f9-3e1b75d5a1c3
2019-08-02T14:16:11.000Z,Income,0.048,BAT,,,,,0.011468999239783412,Binance,FALSE,7f1132c0-f53d-43ef-8e39-12806e514a32
2019-08-02T22:44:17.000Z,Income,0.001674,XNO,,,,,0.0019273573161355212,Binance,FALSE,aa8098c5-7860-46dc-8386-2848df31b3df
2019-08-03T01:50:38.000Z,Income,0.0000652,GAS,,,,,0.0001354331080164878,Binance,FALSE,15055ffb-9744-4fa9-bfdc-ceda74dec8d1
2019-08-12T10:45:41.000Z,Income,0.4294,GTO,,,,,0.007990110859983735,Binance,FALSE,252d85e0-7174-4ed2-949f-940bfb856e29
2019-08-15T11:06:30.000Z,Income,0.00919256,USDT,,,,,0.009203964840162152,Binance,FALSE,d7cf1c2c-8914-402a-9dd9-1171d41906c1
2019-08-15T13:14:14.000Z,Income,0.018056,DUSK,,,,,0.004721987605052217,Binance,FALSE,93c300f0-2b16-446e-b43a-ef7c36d0fee4
2019-08-15T23:32:33.000Z,Income,0.0296,ZRX,,,,,0.005163193709914787,Binance,FALSE,6927dffb-6e75-4be5-ae63-f8a03531f589
2019-08-15T23:35:30.000Z,Income,0.0194,MTH,,,,,0.00021914988437537688,Binance,FALSE,d4f8a392-2a89-4bd9-87d8-0245fdd0630b
2019-08-15T23:53:27.000Z,Income,0.001,XRP,,,,,0.00026454572349282883,Binance,FALSE,d92ffb66-8fa3-41af-bdfc-522454f6200a
2019-08-16T00:14:34.000Z,Income,0.000066,LTC,,,,,0.005043610920407672,Binance,FALSE,d65ae65c-a15c-42d4-b4d5-9dac70eb8c98
2019-08-16T00:35:30.000Z,Income,0.1108,ADA,,,,,0.005192220886120089,Binance,FALSE,4514d793-fd76-4035-b5f3-eee416665fe2
2019-08-16T07:53:27.000Z,Income,0.0001016,ZEC,,,,,0.004983568800216786,Binance,FALSE,aff101c9-4bfe-4c7a-86e7-8c7c952efc87
2019-08-16T16:00:33.000Z,Income,0.0296,AGI,,,,,0.0010119080398226891,Binance,FALSE,39e7bd5d-821c-49c3-88be-21845d30991f
2019-08-20T19:41:01.000Z,Income,0.083,XLM,,,,,0.005746732387226678,Binance,FALSE,bc2b28cb-042f-42b3-a19c-726cddb6de14
2019-08-20T22:14:09.000Z,Income,0.0466,VET,,,,,0.00021418427069818538,Binance,FALSE,358c11cc-d1cc-43fb-8bf0-1b33ad18d6cc
2019-08-20T22:17:55.000Z,Income,0.000176,OMG,,,,,0.000216304,Binance,FALSE,5ef09f84-4f94-424c-a841-c357b8c99187
2019-08-21T07:48:44.000Z,Income,0.0002,ETC,,,,,0.0012265466732461424,Binance,FALSE,c6142538-12ab-4183-abbb-d28c42a43a80
2019-08-21T08:06:32.000Z,Income,0.015,QKC,,,,,0.00020423373355079347,Binance,FALSE,f7980339-fd86-4bf0-b3f3-96bdc17103c7
2019-08-21T08:21:13.000Z,Income,0.0002,BTG,,,,,0.002613208138288359,Binance,FALSE,8b05de4f-a631-4159-9a68-1d1900de2519
2019-08-21T13:44:35.000Z,Income,0.1112,SC,,,,,0.00020696022855504334,Binance,FALSE,f9f806cd-1835-48cf-b24f-c391a4fab7b7
2019-08-21T14:38:36.000Z,Income,0.11,COCOS,,,,,0,Binance,FALSE,c647d29f-5c6f-413d-bf46-e5c691e82f5e
2019-08-21T17:10:14.000Z,Income,0.0068,CONT,,,,,0.000204952,Binance,FALSE,5f783ba3-680d-4b44-a0d6-6c5a86ff14d6
2019-08-21T19:45:12.000Z,Income,0.000298,ATOM,,,,,0.0007981894799186379,Binance,FALSE,3a496ec8-4a3c-4164-a74e-304f1116150c
2019-08-22T06:10:35.000Z,Income,0.0000638,REP,,,,,0.0006087050679275002,Binance,FALSE,bfed72eb-de20-4bdc-be50-ef5288b924ef
2019-08-23T04:15:29.000Z,Income,0.0000828,DCR,,,,,0.0020979351399001344,Binance,FALSE,d54bef44-5942-4131-8186-045c070f269c
2019-08-23T13:51:12.000Z,Income,0.0018,BNT,,,,,0.0007051833846388702,Binance,FALSE,dc031749-77c0-4a18-b897-1a1a6f03e733
2019-08-23T15:43:56.000Z,Income,0.000552,WTC,,,,,0.0007921384067764944,Binance,FALSE,141d5932-7116-46ef-8cb7-2d4c77e5d02e
2019-08-26T07:41:31.000Z,Income,0.4932,NCASH,,,,,0.0006440145286760403,Binance,FALSE,cf39ad8d-e9dc-4e18-8c65-03b8bcfc9def
2019-08-26T19:22:20.000Z,Income,0.053932,MTL,,,,,0.021720821971532082,Binance,FALSE,1c48fdab-73ef-4776-9e50-0b9e27fa0d39
2019-08-27T17:25:25.000Z,Income,0.0004,MDA,,,,,0.0002652819264813886,Binance,FALSE,28278b99-088c-4a74-9895-bd2e5b1caf7f
2019-08-28T16:01:10.000Z,Income,0.005,HC,,,,,0.012345298312201996,Binance,FALSE,6e4e5b32-2d24-42a7-b448-88217639bbbb
2019-08-28T16:46:00.000Z,Income,0.0001108,DGD,,,,,0.001895680937355253,Binance,FALSE,5ca6b7b2-b512-4ea5-a0f0-f250f90b2349
2019-08-28T18:09:03.000Z,Income,0.24,VIB,,,,,0.004139531983296839,Binance,FALSE,d99317f9-d6df-4a76-90ba-d403f4b4e59d
2019-09-03T11:25:27.000Z,Income,0.4858,QSP,,,,,0.006219093279955622,Binance,FALSE,fe7aab28-43b7-4feb-9c28-73cb7696daee
2019-09-04T12:55:16.000Z,Income,0.1306,PERL,,,,,0.011874252822432946,Binance,FALSE,12eb48cf-53a4-44dd-8b48-4ebf44aaedba
2019-09-07T19:02:08.000Z,Income,0.0336,BRD,,,,,0.011801409202433685,Binance,FALSE,42396d39-9051-4d9b-bb66-b74e8c15aa04
2019-09-08T05:31:59.000Z,Income,0.0204,STEEM,,,,,0.003459791907052404,Binance,FALSE,af44e656-fc0b-4c35-8dc6-3d30e3c71a58
2019-09-09T19:05:32.000Z,Income,0.0326,ARDR,,,,,0.0019522076845692265,Binance,FALSE,781cfaa8-0172-47e2-b602-c4d8a6670ec4
2019-09-10T04:35:17.000Z,Income,0.002576,GXS,,,,,0.001977119875576369,Binance,FALSE,1ba3710f-4af2-479d-8b8e-112906ec660d
2019-09-10T19:00:39.000Z,Income,1.2,STORM,,,,,0.00186740132899104,Binance,FALSE,fa5c3c0d-0341-4e46-9f35-e4843dd797c8
2019-09-11T13:21:11.000Z,Income,0.5936,TNB,,,,,0.0019757575387568302,Binance,FALSE,311b66fd-3e2c-4484-a0b6-528a505397f3
2019-09-12T19:48:13.000Z,Income,0.12,ENJ,,,,,0.008562701663482716,Binance,FALSE,1252920c-203c-41b2-a07e-6fd605bc534b
2019-09-13T14:07:05.000Z,Income,0.0452,IOTA,,,,,0.01080113617910865,Binance,FALSE,57a79660-551b-4859-9e2e-e269d3136ee5
2019-09-17T19:09:31.000Z,Income,0.063,WABI,,,,,,Binance,FALSE,30a607ea-7191-44ec-bbc1-528be1253f6f
2019-09-18T22:18:23.000Z,Income,0.9424,LEND,,,,,0,Binance,FALSE,4972db4d-2c0e-482d-a0ea-63d721575741
2019-09-19T02:30:01.000Z,Income,0.045,BAND,,,,,0,Binance,FALSE,0ff681b9-79eb-4d82-97ed-130b31dbe9a5
2019-09-21T18:41:51.000Z,Income,0.148,TOMO,,,,,0.059570235035887965,Binance,FALSE,6ff9382d-96f9-4a78-923d-bcf9be5927fd
2019-09-23T03:10:55.000Z,Income,2.8916,WPR,,,,,0.027224593846993706,Binance,FALSE,a872e95a-7d26-4267-9f11-904686b89fb7
2019-09-23T04:13:26.000Z,Income,0.4014,AST,,,,,0.013055002805026281,Binance,FALSE,84acbfa9-51f4-423b-95e0-6924536639d9
2019-09-23T14:08:10.000Z,Income,0.0142,LOOM,,,,,0.0003459726196696355,Binance,FALSE,0a60a60d-615a-476a-ac91-28b0fd8b61fd
2019-09-23T15:11:31.000Z,Income,0.1782,RCN,,,,,0.005723754292704699,Binance,FALSE,e6dd1679-2aeb-4367-801a-ae18b4832622
2019-09-24T05:01:25.000Z,Income,0.031116,GVT,,,,,0.03916478595772657,Binance,FALSE,97e0184f-e40b-4bc2-acd6-da300c3d6803
2019-09-25T13:59:48.000Z,Income,1.9096,LRC,,,,,0.06453183659739861,Binance,FALSE,27b7cd6c-ff8a-4f14-848f-cb390d65fd11
2019-09-25T19:55:15.000Z,Income,0.002632,USDC,,,,,0.0026391823441344595,Binance,FALSE,e9f87160-9dba-4563-8c35-b3dc0a611847
2019-09-26T08:28:22.000Z,Income,1.4124,XEM,,,,,0.060476927247502775,Binance,FALSE,3114c420-44fe-4a95-a196-5b1411d96792
2019-09-26T20:28:28.000Z,Income,0.1804,DOCK,,,,,0.0021234038050006693,Binance,FALSE,ef16a5a8-eaf0-41f6-8626-86d2986192cf
2019-09-27T08:50:04.000Z,Income,0.1692,RVN,,,,,0.004638855386284284,Binance,FALSE,2ac3967a-37e8-4e07-a715-1b0e6b10350f
2019-09-28T13:29:24.000Z,Income,0.1436,VIBE,,,,,0.0027620701585672133,Binance,FALSE,8d16f864-2f43-459a-b796-545033616597
2019-09-28T19:53:41.000Z,Income,0.0758,ADX,,,,,0.004921364260195308,Binance,FALSE,9bf0d8ae-46a2-4a4c-bf3d-335eced1eace
2019-09-29T09:33:57.000Z,Income,1.382,HBAR,,,,,0.05182662884943947,Binance,FALSE,9c590c26-e462-416d-8438-cbe51f309842
2019-09-29T17:39:47.000Z,Income,0.0188,ALGO,,,,,0.0042694647042721525,Binance,FALSE,4a1e2cc6-6aea-46b8-9938-d0391ee66224
2019-10-01T01:03:30.000Z,Income,0.0024,REQ,,,,,0.000025004228099122316,Binance,FALSE,c49b9da6-44a4-4e7a-b0d8-360e03dd562d
2019-10-01T01:13:53.000Z,Income,0.000206,XZC,,,,,0.0010446706540949509,Binance,FALSE,5b49f3a1-7f2f-4a99-8e15-b14570af0c4c
2019-10-02T08:55:40.000Z,Income,5.184,ZIL,,,,,0.026038970234244518,Binance,FALSE,542d26e5-d527-4f09-a7d2-48982f308d6f
2019-10-02T21:44:49.000Z,Income,0.0208,NAV,,,,,0.001983868930735093,Binance,FALSE,89e57d10-733f-4317-a0ca-afb49eee1a22
2019-10-02T21:56:02.000Z,Income,0.0758,QLC,,,,,0.0013736235376344125,Binance,FALSE,5dd6f16d-2e57-4ecb-8a4c-ac392752560c
2019-10-02T23:25:53.000Z,Income,0.002186,LUN,,,,,0.0022056638759936392,Binance,FALSE,11c13a8a-7940-402f-abd9-47510ba43ba0
2019-10-03T12:20:10.000Z,Income,0.1012,POA,,,,,0.0019651302375998125,Binance,FALSE,4987145c-66d8-4df0-b0ea-58e9d89ec76d
2019-10-03T14:29:16.000Z,Income,2.4938,YOYOW,,,,,0.0384168918739709,Binance,FALSE,bde84e35-418a-4c5c-98ee-cd78fc1ae900
2019-10-03T14:30:54.000Z,Income,0.0002,EDO,,,,,0.00007507679008966299,Binance,FALSE,44b53c28-4448-4ea2-abee-b5212733b64e
2019-10-03T15:42:28.000Z,Income,0.05406739,VTHO,,,,,0.000024523883988311434,Binance,FALSE,53fe70e2-ddde-4e27-9be9-55299626e8ce
2019-10-04T20:58:09.000Z,Income,0.1406,VGX,,,,,0.008554918078718523,Binance,FALSE,2770a6fe-839a-4d5e-9a43-75c77095c2d8
2019-10-05T22:20:31.000Z,Income,0.091834,ONT,,,,,0.05741899803738818,Binance,FALSE,d3a2738d-9e8a-46d6-984a-2a7fdabbf527
2019-10-07T16:24:18.000Z,Income,0.2218,ENG,,,,,0.0775508529496086,Binance,FALSE,d3d9604f-c866-4626-84b9-ed2515e4c2a7
2019-10-07T23:20:03.000Z,Income,0.9542,TFUEL,,,,,0.003933006651755836,Binance,FALSE,0fd1de32-a9a7-4c44-9fa3-b8acb6a1d157
2019-10-07T23:54:11.000Z,Income,1.62,IOTX,,,,,0.009596800407992545,Binance,FALSE,26c42553-51aa-4c29-8fc0-352f6330b61b
2019-10-08T13:06:10.000Z,Income,0.18,MANA,,,,,0.005848365936849767,Binance,FALSE,1f299031-1afc-4120-a487-a0842afdb83f
2019-10-08T18:17:14.000Z,Income,0.00953752,PAX,,,,,0.00956401578101298,Binance,FALSE,db68343b-1093-4b91-9520-d4be74dcf20f
2019-10-08T20:30:15.000Z,Income,0.00952981,TUSD,,,,,0.009550393865234113,Binance,FALSE,246546f9-8131-4e2d-84f2-845bbbf8ba31
2019-10-09T23:51:29.000Z,Income,5.626,SNGLS,,,,,0.06962984404034162,Binance,FALSE,e3d5152d-bf30-4234-ba7b-a0f3297e5116
2019-10-10T12:44:17.000Z,Income,0.001,RDNN,,,,,0.00020043474304958813,Binance,FALSE,fcc79720-bec5-4c09-a3aa-5cad3df4c0e9
2019-10-11T02:54:16.000Z,Income,1.5692,CELR,,,,,0.0079542748,Binance,FALSE,1d294412-2f18-46c1-ada0-fd8e5759d736
2019-10-11T21:33:39.000Z,Income,0.008408,XTZ,,,,,0.00765196852020852,Binance,FALSE,c76cc69c-c642-4063-a617-3bdaf53aa912
2019-10-14T09:03:56.000Z,Income,1.535,NKN,,,,,0.08144071541935205,Binance,FALSE,16ef0440-0459-45af-9d78-877de015051f
2019-10-14T14:37:06.000Z,Income,0.034,IOST,,,,,0.00016702873291132302,Binance,FALSE,fac0dbfb-75d2-4dc4-b801-ba17e241b7f0
2019-10-14T16:09:41.000Z,Income,0.000346,NAS,,,,,0.0001687696188243314,Binance,FALSE,e2e53e92-2b36-452b-95a7-83cb184fc990
2019-10-14T19:13:01.000Z,Income,0.012,STORJ,,,,,0.0015637993809517656,Binance,FALSE,8516ba11-6b10-4bcb-91de-33b60a9b9cc0
2019-10-15T15:50:01.000Z,Income,0.5966,FTM,,,,,0.00776063119468678,Binance,FALSE,855a9017-c662-4980-aec8-6cc005ac3d38
2019-10-21T09:41:47.000Z,Income,0.28,CHZ,,,,,0.0026983600000000003,Binance,FALSE,c924d67f-1890-4c3a-8900-b674d62be9c3
2019-10-21T09:46:26.000Z,Income,0.101,APPC,,,,,0.003831875577566807,Binance,FALSE,4c195397-d374-44fa-98c7-9bf62f30a9d2
2019-10-22T03:24:52.000Z,Income,0.14674,CVC,,,,,0.005358103412658532,Binance,FALSE,2e20f786-d305-43eb-a3cf-e4f3dd931228
2019-10-23T04:37:02.000Z,Income,0.0128,NULS,,,,,0.004082542140551815,Binance,FALSE,6221da7c-02c8-499e-bd5e-1ac3338c6281
2019-10-25T02:17:07.000Z,Income,0.0134,KAVA,,,,,0,Binance,FALSE,817781ff-27b1-4500-bb07-d55437e137f9
2019-10-25T04:00:14.000Z,Income,0.013,STX,,,,,0.00024375,Binance,FALSE,9edc97c2-841e-4b7a-ac8a-5cc5e06313c5
2019-10-25T09:53:56.000Z,Income,0.0024,STRAT,,,,,0.000683755673406777,Binance,FALSE,730b5150-5b08-4fd7-8d1f-96dea0667851
2019-10-26T02:41:13.000Z,Income,604.506,NPXS,,,,,0.17775997759035764,Binance,FALSE,9ab6d538-d054-4c87-ac55-f24a85b06868
2019-10-26T18:33:25.000Z,Income,1.6016,ERD,,,,,0.0023127103999999996,Binance,FALSE,5a4a5ac4-4c4b-4939-ba9e-b4fd361ebeb1
2019-10-29T13:30:18.000Z,Income,0.0057277,QTUM,,,,,0.013123170565067245,Binance,FALSE,bb3208aa-f922-40a3-8714-d6466a3d4f52
2019-10-29T23:06:47.000Z,Income,0.01804,RLC,,,,,0.011797511156893729,Binance,FALSE,cc2e4744-b6ba-4a4f-b1d1-18829c0b4483
2019-10-30T02:53:03.000Z,Income,0.0412993,INS,,,,,0.007983154689999999,Binance,FALSE,d4ce3d7f-373c-4b8a-8a08-24c4a0d3c207
2019-10-30T09:11:49.000Z,Income,0.00000328,BCHABC,,,,,,Binance,FALSE,a2c03b68-084e-4699-b4e5-7c4687bc6454
2019-10-31T22:51:00.000Z,Income,0.000123,WIN,,,,,2.2533600000000003e-8,Binance,FALSE,e0d25a5c-6f0d-46f3-93fd-06e4dfef8c3b
2019-11-02T10:46:01.000Z,Income,36.2891,DENT,,,,,0.009174767463260337,Binance,FALSE,21e874d4-bcaa-42c4-a568-c426d0213fb2
2019-11-02T12:49:22.000Z,Income,2.84499,ANKR,,,,,0.007317314280000001,Binance,FALSE,21e4e0fe-0484-4252-8a7a-235ba498fc4a
2019-11-03T19:09:10.000Z,Income,0.033456,AION,,,,,0.0027292460576544353,Binance,FALSE,0b23f578-87a7-4339-b85e-64b947e54028
2019-11-04T02:25:49.000Z,Income,1.28863,HOLO,,,,,0.001200656406699596,Binance,FALSE,3b3f415a-ed8c-42ad-8ee2-76634d608c90
2019-11-06T14:47:36.000Z,Income,2.198871,ARPA,,,,,0.05391631692,Binance,FALSE,9ffa5ad4-7383-4301-b32f-e3a38f9f62ee
2019-11-08T23:15:12.000Z,Income,0.1681,BLZ,,,,,0.004269569925256547,Binance,FALSE,2ca366c1-77ba-476e-a2a2-c8e4c9a2c531
2019-11-10T10:26:23.000Z,Income,0.0535009,BEAM,,,,,0.03598350947779291,Binance,FALSE,6602d83f-746f-4976-a8e0-018286cffcf4
2019-11-14T18:45:31.000Z,Income,0.0013612,ZEN,,,,,0.0074375968,Binance,FALSE,4aaea392-9483-4303-8466-26f4bb5401f5
2019-11-20T23:04:23.000Z,Income,117.06771,KEY,,,,,0.2081863719879188,Binance,FALSE,4215d381-223c-499c-b70d-988e93c42590
2019-11-22T14:00:50.000Z,Income,0.24395,CTXC,,,,,0.03722587889535209,Binance,FALSE,549713c5-653b-4263-9b3b-f5beddfd5b83
2019-11-26T13:03:44.000Z,Income,0.02747,PIVX,,,,,0.0072584574090924486,Binance,FALSE,1cafc845-1745-4afd-b947-ba24f93884c2
2019-11-27T20:34:13.000Z,Income,0.02609932,USDS,,,,,0.026177617959999996,Binance,FALSE,6d188141-b8d6-4a08-8327-924fdd878a0d
2019-11-28T07:35:02.000Z,Income,0.00505836,BCH,,,,,1.1190034981268937,Binance,FALSE,076d1c81-4a9a-46a9-b4c2-990a24392524
2019-11-28T20:10:53.000Z,Income,0.0171298,WAVES,,,,,0.010801145153621655,Binance,FALSE,ca4a03a0-a526-4776-ada4-e7af52ec74df
2019-12-01T09:04:31.000Z,Income,72.2051,MFT,,,,,0.07770280554971644,Binance,FALSE,1fa50b6b-7257-4c66-b3b6-bed5dd8e0566
2019-12-05T03:00:21.000Z,Income,0.41205,TROY,,,,,0,Binance,FALSE,7aa507d9-5ae2-4e33-9058-7225ca23b39f
2019-12-05T21:22:40.000Z,Income,0.9471,XVG,,,,,0.00414137388405966,Binance,FALSE,bebd4d80-b0f0-46f2-b277-86e4bce88530
2019-12-05T23:25:18.000Z,Income,0.08405,FET,,,,,0.0043630355,Binance,FALSE,6b26a96d-12dc-47c0-b742-fdddbb18e472
2019-12-06T12:27:14.000Z,Income,0.71135,MITH,,,,,0.00634553553297062,Binance,FALSE,e6e7f7df-20d6-435d-a2b8-cbb6200dfa0e
2019-12-09T03:18:03.000Z,Income,0.07667,BTS,,,,,0.0015646804717581082,Binance,FALSE,d2fb8d30-2dfb-4208-a9fa-f912aafbf6b1
2019-12-12T09:53:19.000Z,Income,0.205,OST,,,,,0.0022501891544483995,Binance,FALSE,53838d8e-8062-4187-892d-ccf9beb53c81
2020-01-01T21:05:19.000Z,Income,0.02665,PPT,,,,,0.010840023210690681,Binance,FALSE,f8b2ec6e-2c2e-46aa-bc37-4cd054977202
2020-01-02T06:41:34.000Z,Income,0.49815,POLY,,,,,0.00902628712295194,Binance,FALSE,1cedda79-fbc6-4eb0-89c8-8dd126f708fe
2020-01-08T17:10:44.000Z,Income,0.05207,ARK,,,,,0.007211758446430877,Binance,FALSE,c84abfdc-2fb5-4e27-ba68-ea7edbd0daf7
2020-01-08T17:14:14.000Z,Income,0.10783,AE,,,,,0.014590744528932791,Binance,FALSE,d3a351b8-8b30-48a7-91ed-ae9c1756633a
2020-01-08T18:38:27.000Z,Income,0.3813,CMT,,,,,0.00412963778519574,Binance,FALSE,bb6d062f-fc2b-4f57-9451-804273027b05
2020-01-09T03:00:47.000Z,Income,0.01066,OGN,,,,,0,Binance,FALSE,01f01504-f53c-4c07-9772-20418f06d13c
2020-01-11T20:14:42.000Z,Income,0.0006191,FTT,,,,,6.552680573384212e-7,Binance,FALSE,75d447e1-c080-4bfe-b869-3682d10b4991
2020-01-16T05:32:24.000Z,Income,0.12451179,RUB,,,,,0.0020208263517,Binance,FALSE,c7406016-16cd-4ed1-91e8-7a46f2e55acd
2020-01-16T19:09:08.000Z,Income,0.95817,DREP,,,,,0.00405784995,Binance,FALSE,2b5c7d33-255d-4a29-885b-4072aed1ed81
2020-01-22T12:54:28.000Z,Income,0.00769312,EUR,,,,,0.008536293645120001,Binance,FALSE,e65a50be-2b98-40af-a5b0-f3079c338784
2020-01-22T14:36:52.000Z,Income,1.15292,GNT,,,,,0.04920829891725131,Binance,FALSE,9696eec2-fab3-4720-a5cc-49f652652d0e
2020-01-23T12:14:49.000Z,Income,2.715225,VITE,,,,,0.03331248581316747,Binance,FALSE,55dab725-0b3e-44c0-b042-6095c2465393
2020-01-23T20:10:09.000Z,Income,0.0393518,LSK,,,,,0.02874526025762755,Binance,FALSE,a18aa5ff-4353-42dc-8d04-3d06ec2ffc21
2020-02-05T02:03:09.000Z,Income,0.01802,WRX,,,,,0,Binance,FALSE,3e2aa908-79c7-4928-8fc0-88da3ac8c84d
2020-02-07T07:45:40.000Z,Income,1.1062,FUN,,,,,0.003932541,Binance,FALSE,f373ac21-8c31-49a5-8351-a094fd1d3649
2020-02-07T14:22:21.000Z,Income,0.2869,LTO,,,,,0.035977260000000004,Binance,FALSE,b10be6ad-5c83-4027-a9e1-5cfc2baf8948
2020-02-10T10:04:55.000Z,Income,1.2938,SNT,,,,,0.020775835453678265,Binance,FALSE,dbe74a66-c3c0-4ae4-a3b2-6c816f1bfb67
2020-02-11T20:15:56.000Z,Income,0.027726,BUSD,,,,,0.027753725999999996,Binance,FALSE,f57e1f19-1c24-41da-9872-156e8b263aa7
2020-02-12T13:12:18.000Z,Income,0.00005056,XRPBULL,,,,,0,Binance,FALSE,00f6081a-7638-4e1a-9a4d-b7c36601a8d3
2020-02-13T10:18:57.000Z,Income,0.00021806,EOSBEAR,,,,,0,Binance,FALSE,d07a1b9c-e5f1-45e4-bb9a-c79e4519190d
2020-02-16T15:45:34.000Z,Income,0.00042491,BEAR,,,,,0.0068070582000000004,Binance,FALSE,5e656e6e-a901-4dce-97cd-c25327597bfa
2020-02-17T10:40:10.000Z,Income,0.00051733,EOSBULL,,,,,0,Binance,FALSE,917b6843-f0fe-42bb-9b73-16d430a62595
2020-02-18T21:45:51.000Z,Income,3.3e-7,XRPBEAR,,,,,0,Binance,FALSE,0ace46d1-876e-43f8-b75c-2093963da170
2020-02-20T09:00:20.000Z,Income,0.00122387,ETHBEAR,,,,,0,Binance,FALSE,63ac88de-a07a-42bc-a5d7-d364dab66a57
2020-02-21T16:27:12.000Z,Income,1.1174,MBL,,,,,0.003849443,Binance,FALSE,ee1c027c-db93-4343-b69b-a07b77ced58d
2020-02-25T14:41:16.000Z,Income,0.00000331,ETHBULL,,,,,0,Binance,FALSE,890fea35-50f6-4f70-85bd-595ff306beb0
2020-03-03T05:11:48.000Z,Income,0.08834,COTI,,,,,0.0021840006140258425,Binance,FALSE,e668f92c-b840-4d4d-aa77-654920da1a89
2020-03-04T15:21:52.000Z,Income,0.00001261,BULL,,,,,0,Binance,FALSE,0d7842e2-b857-449d-9f74-a44f314db077
2020-03-11T10:05:00.000Z,Income,0.00077337,BNBBEAR,,,,,0.12329800446197688,Binance,FALSE,8e13e582-fde6-4ece-bd69-fa7c79363652
2020-03-13T05:51:06.000Z,Income,0.00101318,BNBBULL,,,,,0.0428879094,Binance,FALSE,aa4a2cc5-6324-4794-bc56-09d795003b21
2020-03-25T14:55:23.000Z,Income,0.236857,STPT,,,,,0.004533442980000001,Binance,FALSE,221aae5d-4b08-4447-a021-ad517e57d93b
2020-04-01T16:15:14.000Z,Income,1.7686413,XPR,,,,,0,Binance,FALSE,e0a12781-0ed6-48c7-ae97-f0173375b267
2020-04-02T11:48:53.000Z,Income,1.97169,TCT,,,,,0.009931323529148063,Binance,FALSE,26082789-cc70-43ce-993f-94d1aa07c500
2020-04-10T03:56:06.000Z,Income,45.45454545,SOL,,,,,37.904545450754995,Binance,FALSE,2a576612-410e-4bea-8b78-316c0d0141d0
2020-04-17T09:01:42.000Z,Income,40.36,IDRT,,,,,0.0026052379999999997,Binance,FALSE,ddf4b38c-e3fd-4212-b621-db13135def41
2020-04-23T02:47:03.000Z,Income,0.23247,CTSI,,,,,0,Binance,FALSE,cdcc37a9-07d5-4500-b641-50080a41027e
2020-04-27T05:00:15.000Z,Income,0.0413813,HIVE,,,,,0.03385817966,Binance,FALSE,f1ec0c2e-d9fd-40d9-8c21-a35731d2137e
2020-04-28T02:50:30.000Z,Income,0.0193478,ZAR,,,,,0.0010400216412,Binance,FALSE,1f9db22b-bc1a-4ab9-829c-f5f20fe245fb
2020-05-07T16:01:27.000Z,Income,0.205,CHR,,,,,0.00584455,Binance,FALSE,a360da42-ab78-4333-9fc6-dc23729bfa44
2020-06-05T19:48:16.000Z,Income,3.859084,MSDT,,,,,0.04137650935150352,Binance,FALSE,0bb09f4c-1013-4f6d-9e44-a5a8255600de
2020-06-06T09:01:34.000Z,Income,0.0160679,BTCDOWN,,,,,0,Binance,FALSE,2c89aa3d-04d7-4ce7-a196-ced4b7785c7e
2020-06-08T10:50:04.000Z,Income,0.0007954,BTCUP,,,,,0,Binance,FALSE,e4abdced-61a8-43f2-98cb-ea046dd51ef6
2020-06-10T07:27:27.000Z,Income,82.50717,STMX,,,,,0.24188015772160235,Binance,FALSE,025a2f83-e5fb-4df9-adbf-100459aecde9
2020-06-19T06:46:48.000Z,Income,1.45427,PNT,,,,,0,Binance,FALSE,a29ec5ee-0d43-4532-8325-c5b55b3a1901
2020-06-22T21:54:06.000Z,Income,0.147,DGB,,,,,0.003149034047124878,Binance,FALSE,d9d482ae-4c20-4447-887d-33e93db535db
2020-06-23T08:58:22.000Z,Income,0.02438302,JST,,,,,0.00012896179278,Binance,FALSE,fbeaa347-3e8c-4d99-9090-33d96fc7a577
2020-06-28T16:02:59.000Z,Income,0.00002178,COMP,,,,,0.0054192033395899,Binance,FALSE,873bdb53-80fd-4203-a185-65bd5b69560e
2020-06-28T19:54:57.000Z,Income,0.026,BGBP,,,,,,Binance,FALSE,defc3f1f-8493-4208-9251-cf8c2b5d6c3d
2020-07-06T06:20:44.000Z,Income,1.1928,NGN,,,,,0.0030786168,Binance,FALSE,44cc6385-8057-4ee6-b527-f69eefd6dc69
2020-07-07T16:52:39.000Z,Income,0.0194,SXP,,,,,0.01202606,Binance,FALSE,262ecd06-16b8-41e9-a1e5-76d733b2b6a6
2020-07-08T11:16:12.000Z,Income,0.102668,GBP,,,,,0.128762304216,Binance,FALSE,8ce9f885-f61d-46ec-9104-4b0e60cc41a0
2020-07-10T08:20:55.000Z,Income,0.1228668,SNX,,,,,0.3568157405683169,Binance,FALSE,ad780613-635c-4d3d-88e9-0e06e6093a0b
2020-07-11T13:13:00.000Z,Income,6.1168,BKRW,,,,,0.005144840479999999,Binance,FALSE,898619fc-964f-43ea-bd81-370a6c0b40dc
2020-07-13T11:33:47.000Z,Income,21.98,BIDR,,,,,0.0015339841999999998,Binance,FALSE,905e8656-4c3a-42f7-9d6a-83d6160de2c5
2020-07-21T15:19:29.000Z,Income,0.51,IRIS,,,,,0.0250614,Binance,FALSE,30beb4a2-eed3-4c57-b35f-db5fd275e358
2020-07-23T14:00:26.000Z,Income,0.0152,DAI,,,,,0.015678875142773732,Binance,FALSE,b605a4ef-53c3-4049-9113-e08d2b956b08
2020-07-23T14:03:56.000Z,Income,0.00000255,MKR,,,,,0.0014222073033433229,Binance,FALSE,b80b75f6-b243-414f-aa4c-b2fbfad25c53
2020-07-24T11:55:27.000Z,Income,0.2548,RUNE,,,,,0.16796416000000003,Binance,FALSE,b9450035-d2ed-4310-8a86-b481d2b5d724
2020-07-25T10:22:02.000Z,Income,0.010744,ETHDOWN,,,,,0.07396169600000001,Binance,FALSE,30229f5e-61c0-4c6b-b411-d7c619de99ea
2020-07-31T23:52:53.000Z,Income,0.2028,FIO,,,,,0.06505824,Binance,FALSE,50d7fff4-e5d1-4d07-8c7f-4c5c57bf2de1
2020-08-05T15:38:56.000Z,Income,0.029584,AVALA,,,,,0.066623168,Binance,FALSE,12e3e563-4286-4d30-99c8-e1471bec907c
2020-08-06T12:07:29.000Z,Income,0.000532,LINKDOWN,,,,,0.0025695600000000002,Binance,FALSE,e7bdf987-7666-4252-b67e-86ae557e8063
2020-08-07T17:38:52.000Z,Income,0.010204,LINKUP,,,,,0.093131908,Binance,FALSE,4d8143cc-a352-46fa-9275-8e5fc21f8ba1
2020-08-09T01:21:34.000Z,Income,0.003084,BAL,,,,,0.0527364,Binance,FALSE,2d8bdadc-1597-4bf1-94b0-81cd81be394f
2020-08-09T17:15:25.000Z,Income,0.008216,XTZUP,,,,,0,Binance,FALSE,58c8813f-99c9-4280-a1fa-487ef28001d7
2020-08-10T15:04:48.000Z,Income,7.6e-7,YFI,,,,,0.0043749324,Binance,FALSE,6d3b1c65-db14-40da-be48-3c3fc1dbf76a
2020-08-11T13:56:59.000Z,Income,0.00294,SRM,,,,,0,Binance,FALSE,aa122ddd-86bf-4564-8c9f-f8d75a8c889f
2020-08-13T03:46:15.000Z,Income,0.00408,ANT,,,,,0.032200044052398326,Binance,FALSE,7864ca04-456d-494b-b014-c2e43beadc50
2020-08-14T13:00:29.000Z,Income,0.0784,SAND,,,,,0,Binance,FALSE,b0baea3e-aeea-4f44-bfe3-06edd9937b8c
2020-08-15T05:08:31.000Z,Income,0.00258,CRV,,,,,0.0304698,Binance,FALSE,571e3dd6-0932-43ba-b8b4-b4d79ce29c25
2020-08-17T11:31:37.000Z,Income,0.0008,OCEAN,,,,,0.0005284,Binance,FALSE,9d7ece6b-d25d-4ec0-bd54-8e65a696a72e
2020-08-18T23:41:08.000Z,Income,0.0112,DOT,,,,,0,Binance,FALSE,713f942d-316d-482a-85b2-08eb9ae90342
2020-08-19T13:07:03.000Z,Income,0.0136,LUNA,,,,,0.0070100514908724544,Binance,FALSE,3febe862-2ff6-42a5-b3f6-8f00439b9cf4
2020-08-20T21:37:14.000Z,Income,0.0000696,NMR,,,,,0.0033296081775810353,Binance,FALSE,ca020266-cf4e-4fb0-a848-818a10cfa6f7
2020-08-25T22:56:06.000Z,Income,0.4276,RSR,,,,,0.011917211999999998,Binance,FALSE,ba27c6b1-8380-4c5a-b449-cb029f3bf6ad
2020-08-27T10:00:57.000Z,Income,0.0005768,WNXM,,,,,0.028181620201684965,Binance,FALSE,8542aacb-1005-420a-8f84-c6b2484de23b
2020-08-27T15:42:49.000Z,Income,0.8648,IDEX,,,,,0.09287952,Binance,FALSE,11476cf4-59f6-4eb4-965b-8419617068be
2020-08-28T00:23:52.000Z,Income,0.0009772,TRB,,,,,0.05368736799999999,Binance,FALSE,a20ee3e9-80d6-4533-bb4f-315d7f29b8ef
2020-08-29T13:01:06.000Z,Income,0.0504,BZRX,,,,,0.052763205749247845,Binance,FALSE,65bb3317-25c8-49fd-9c81-a59e9d35ecf2
2020-09-01T07:24:30.000Z,Income,0.0107356,EGLD,,,,,0,Binance,FALSE,418f6dd0-40d2-4c6e-b091-617e1f8e31a5
2020-09-01T11:08:14.000Z,Income,0.00001563,YFII,,,,,0,Binance,FALSE,1132582a-7607-4863-adbd-4c9b922ddc4a
2020-09-01T11:10:18.000Z,Income,0.00228,SUSHI,,,,,0,Binance,FALSE,210cb6c1-77c1-44c7-8160-908a119c7891
2020-09-02T11:00:26.000Z,Income,0.0006804,KSM,,,,,0.0361289659707736,Binance,FALSE,829ec0a1-2449-4296-b7b9-f1449d4408d5
2020-09-02T15:18:10.000Z,Income,0.01678,DIA,,,,,0.06933495999999999,Binance,FALSE,b1845513-ea10-46ef-a9b3-7fd04b602dbf
2020-09-03T15:34:59.000Z,Income,0.000836,ADADOWN,,,,,0.00912076,Binance,FALSE,cdfb5d95-0e6e-470f-ac84-2461c52fef7f
2020-09-09T19:46:56.000Z,Income,0.0102984,UMA,,,,,0.166010208,Binance,FALSE,e26bb76f-baca-49aa-83fa-01225ec83fbe
2020-09-10T08:28:17.000Z,Income,0.007936,TRXUP,,,,,0,Binance,FALSE,86eeb82d-0004-4960-9cef-c9b715bd5310
2020-09-12T09:38:52.000Z,Income,30.063728,NBS,,,,,0,Binance,FALSE,f7f7b89a-7bdb-4caa-9787-0a9b7d95e0e9
2020-09-12T12:22:44.000Z,Income,0.0014883,BNBDOWN,,,,,0.006798554399999999,Binance,FALSE,41dc0b5d-2b31-4cf7-b203-2590a37c84cc
2020-09-15T08:54:16.000Z,Income,0.0016031,BEL,,,,,0.0100867052,Binance,FALSE,223a215b-64f2-4725-9461-f9677b1bc0ff
2020-09-15T15:35:26.000Z,Income,0.0013325,BNBUP,,,,,0.02401165,Binance,FALSE,8c3e679a-0f15-4765-bce8-8028faf8e437
2020-09-16T04:33:32.000Z,Income,0.000246,WING,,,,,0.0224844,Binance,FALSE,0834c98a-655a-4c88-8609-3d1fb4bc53e1
2020-09-17T03:37:31.000Z,Income,0.00533,UNI,,,,,0.022519249999999998,Binance,FALSE,5fa25ab3-36e6-4253-9137-bd64fc64ace8
2020-09-17T12:55:20.000Z,Income,0.0012341,ADAUP,,,,,0.0041441078,Binance,FALSE,736171ed-bad3-4dfc-8f0a-acfe6b822002
2020-09-21T14:37:58.000Z,Income,0.01107,OXT,,,,,0.0040016127717483595,Binance,FALSE,f5a039e3-5509-406b-816a-4fd97b9333f7
2020-09-22T07:42:26.000Z,Income,0.003198,AVAX,,,,,0.021829547999999997,Binance,FALSE,039b1391-e4cb-4ab4-bece-127737418d5e
2020-09-25T11:26:47.000Z,Income,0.0174742,HNT,,,,,0.035175564599999994,Binance,FALSE,3cd2d655-c26c-4638-8a6d-a2659b097a7d
2020-09-27T23:39:43.000Z,Income,0.00000759,WBTC,,,,,0.0827754774,Binance,FALSE,9ba23458-d702-4db9-a301-0ec1561a848d
2020-09-28T07:00:13.000Z,Income,0.0782034,FLM,,,,,,Binance,FALSE,5585f0d5-3bf3-4e0d-9ffb-30b04c3661c8
2020-09-29T06:54:53.000Z,Income,0.73148,SCRT,,,,,0.013971268,Binance,FALSE,826f8d4f-d5ab-441f-9081-d015cc82e7cd
2020-09-30T11:36:31.000Z,Income,0.0025051,ORN,,,,,0.0081791515,Binance,FALSE,d21927a0-2c01-42b1-8111-6acd43672e35
2020-10-06T05:04:21.000Z,Income,0.0117875,XVS,,,,,0,Binance,FALSE,896ed5a2-5d89-447c-b09d-40aef407d099
2020-10-09T09:30:13.000Z,Income,0.00984,UTK,,,,,0.0012421760238328122,Binance,FALSE,6c6125b8-166a-4c23-88e0-579144a30658
2020-10-09T10:39:18.000Z,Income,0.00041,SUN,,,,,,Binance,FALSE,a3a1f736-7237-4920-8ebb-13df66405a6b
2020-10-09T14:00:25.000Z,Income,0.0063919,VIDT,,,,,0.00320617704,Binance,FALSE,68098b0c-e562-4833-bdac-9919bb937d4f
2020-10-10T05:01:21.000Z,Income,0.048913,ALPHA,,,,,0,Binance,FALSE,1ef94d61-4771-4556-a8cb-f9e8e3f0cc69
2020-10-13T10:35:27.000Z,Income,0.0493845,CAKE,,,,,0.04767085785,Binance,FALSE,ee2d208d-3f66-4c28-a3ce-4dbabaec9f6f
2020-10-13T10:51:32.000Z,Income,0.71848924,AAVE,,,,,37.347070695199996,Binance,FALSE,97a3d6e6-b6d3-46db-b030-1026f07a573f
2020-10-14T14:01:53.000Z,Income,2.9174288,NEAR,,,,,3.5424285303485683,Binance,FALSE,d6e4a5f8-c694-40ce-a45d-dc1f3ffc8d78
2020-10-14T17:56:33.000Z,Income,0.0315413,UNIUP,,,,,0.1588104455,Binance,FALSE,71507b48-db52-446b-b1dd-2244f1d62982
2020-10-15T17:28:50.000Z,Income,0.0019106,FIL,,,,,0.1398855364845965,Binance,FALSE,d3ce4243-32fd-4995-9fad-0873e99bc459
2020-10-21T04:09:12.000Z,Income,0.068019,INJ,,,,,0.05391970199857048,Binance,FALSE,45c482e0-ca9c-4951-967f-425cde8651df
2020-10-23T14:49:58.000Z,Income,0.0158219,EASY,,,,,0,Binance,FALSE,8cd124f9-717a-49c1-9a3c-fad04e8f8317
2020-10-24T06:02:10.000Z,Income,0.167034,AUDIO,,,,,0.037483565693742366,Binance,FALSE,e4633d80-4152-4d27-8b7c-72e811c1ee30
2020-10-27T08:02:15.000Z,Income,0.0020828,CTK,,,,,0,Binance,FALSE,1d138540-3f65-4057-b5d6-1b07f6b209c1
2020-10-27T08:32:06.000Z,Income,7.99049,IQ,,,,,0.032956345055820555,Binance,FALSE,409335d2-d542-4f19-8556-5a936822b157
2020-11-05T13:42:48.000Z,Income,0.0034251,YFIUP,,,,,,Binance,FALSE,f0ee1602-e8e6-46ee-97cb-9dc9d7d5562b
2020-11-05T18:59:25.000Z,Income,0.0008358,DOTUP,,,,,0.005689880380394874,Binance,FALSE,89c8f62a-7724-435a-a2b8-5ccd9192fce4
2020-11-06T12:10:07.000Z,Income,0.0015162,FILUP,,,,,,Binance,FALSE,3f10771f-22ac-409a-b47f-feaf00348bba
2020-11-06T13:38:26.000Z,Income,0.0042066,UNIDOWN,,,,,0.048544163999999994,Binance,FALSE,515a027a-aeb1-4b98-8893-707a11a8f06d
2020-11-08T09:14:59.000Z,Income,0.109019,AXS,,,,,0.020631468134102177,Binance,FALSE,a93ab688-102b-41be-bb32-7e11bf6d7972
2020-11-09T16:49:34.000Z,Income,0.04982414,UAH,,,,,0.0017724439563600002,Binance,FALSE,9b393ace-b527-4f3b-a374-476767085ef9
2020-11-10T02:35:09.000Z,Income,0.004674,HARD,,,,,0.0029400568575422355,Binance,FALSE,bf10e348-c1fa-41f3-aacb-a8151e07c089
2020-11-10T16:06:39.000Z,Income,3.29107,SLP,,,,,0.19065805306404274,Binance,FALSE,53c68cf2-df92-45b8-8b4b-59b333da7ec3
2020-11-10T17:50:12.000Z,Income,0.5125,SPARTA,,,,,0.024808667705742624,Binance,FALSE,f56b3aad-438a-4ba8-9d6f-f6e1668a66ee
2020-11-11T19:15:13.000Z,Income,0.51004,AKRO,,,,,0.006673278324774494,Binance,FALSE,61934946-5597-48f1-89d8-3996f16a2bef
2020-11-13T05:17:48.000Z,Income,0.475623,BRL,,,,,0.08713915079345785,Binance,FALSE,e8834e15-3bb6-405c-a732-a95a2cf83d39
2020-11-15T15:20:25.000Z,Income,0.0080278,YFIDOWN,,,,,,Binance,FALSE,09e7b58e-305d-451c-b661-8ca5956d7903
2020-11-16T12:02:02.000Z,Income,0.5244687,STRAX,,,,,0.23239208097,Binance,FALSE,4b2128cf-1e88-418a-82df-f7c7e08f68b8
2020-11-16T15:57:22.000Z,Income,0.00714139,BCHA,,,,,0.10344857692197261,Binance,FALSE,692955d6-ceb4-4a6f-b223-37777a3f9fed
2020-11-17T09:22:15.000Z,Income,0.0000252,ETHUP,,,,,0.0006732791880577334,Binance,FALSE,d4fb7a8c-de91-49a4-b688-7726dd042dd0
2020-11-18T15:01:21.000Z,Income,0.04797,FRONT,,,,,0.013936459824045368,Binance,FALSE,feced9da-4c1a-4df1-8ecc-c4c4919d987a
2020-11-19T04:36:29.000Z,Income,0.0041984,SWRV,,,,,0.0033591888603041555,Binance,FALSE,a956bdb2-df75-43be-8fe6-afd5087f2df5
2020-11-19T13:40:19.000Z,Income,0.502045,ROSE,,,,,0.02104045452946868,Binance,FALSE,670b597f-8993-48d6-a82a-da794639491d
2020-11-19T19:00:56.000Z,Income,0.0308935,UNFI,,,,,0.1208614219407393,Binance,FALSE,b99eb59c-71e2-4e14-b189-dea23877acb3
2020-11-24T06:09:45.000Z,Income,0.0238292,SXPUP,,,,,0.06835337731486375,Binance,FALSE,b9420394-52d6-40d5-be43-f0690e36c4d1
2020-11-24T10:04:02.000Z,Income,0.0034276,EOSDOWN,,,,,0.013658986,Binance,FALSE,b06e6df8-357e-4fc9-ae51-cd44483b6dfa
2020-11-24T11:19:51.000Z,Income,0.0002255,XRPUP,,,,,0.013727415275729841,Binance,FALSE,38341320-42ae-4d60-bd72-bf687aeafab4
2020-11-25T06:03:11.000Z,Income,0.0895932,XRPDOWN,,,,,0.03109443392954473,Binance,FALSE,337983e3-bfd2-4ea2-921a-932fc6909162
2020-11-27T01:20:50.000Z,Income,0.00034645,KP3R,,,,,0.06495917654841074,Binance,FALSE,c0534465-740b-48fd-b9d3-2dcabb3492a6
2020-11-27T07:43:45.000Z,Income,0.0004284,AAVEUP,,,,,,Binance,FALSE,472a71ff-32ff-44e5-b54f-ee82d9bb4a06
2020-11-27T09:36:01.000Z,Income,0.02714607,AUD,,,,,0.020031087731156347,Binance,FALSE,1446e415-66d4-4888-8b7e-530fa743fa85
2020-11-29T08:35:24.000Z,Income,0.70807,BAKE,,,,,0.009287038127185468,Binance,FALSE,0e5ca50e-629e-47d4-9875-3dd478b86429
2020-12-01T02:11:26.000Z,Income,0.06068,SKL,,,,,0.005105869159116832,Binance,FALSE,a61447e1-2601-4aab-a8eb-551c7856375b
2020-12-02T19:20:00.000Z,Income,0.004879,LTCDOWN,,,,,0.0040485942,Binance,FALSE,007c874c-2c99-4fed-9a84-50a9af2ba2a9
2020-12-05T05:16:15.000Z,Income,0.00001289,COVER,,,,,0,Binance,FALSE,a2933b1b-a381-44b2-bc38-90bef37046f1
2020-12-08T14:35:35.000Z,Invalid,0.0009676,CREAM,,,,,,Binance,FALSE,05a84f6f-0bb9-4961-a94a-3860ef5e947d
2020-12-08T16:56:09.000Z,Income,0.0068,GLM,,,,,0.0008384258746139799,Binance,FALSE,2dfb4b7a-ae25-4366-9a52-a9138d0c98eb
2020-12-11T07:11:29.000Z,Income,0.01763,GHST,,,,,0.010941054670732002,Binance,FALSE,9fce7c1f-a067-460f-9744-b877fa9f2569
2020-12-16T21:49:36.000Z,Income,0.00001435,BOT,,,,,0.006619942,Binance,FALSE,b8018630-d239-4368-8e33-53cc6f2394e2
2020-12-17T20:30:11.000Z,Income,0.273347,GRT,,,,,0.039392304044325185,Binance,FALSE,bc243f2c-ece8-4364-9329-d931cdeef37b
2020-12-20T21:47:17.000Z,Income,0.40508,FOR,,,,,0.0079962792,Binance,FALSE,9b6a9172-4484-4960-a9ff-28d556f668ae
2020-12-21T06:00:24.000Z,Income,0.00152028,PSG,,,,,0.03171468111106533,Binance,FALSE,1878095f-2b27-4926-8d52-d6845bb2c367
2020-12-21T06:00:50.000Z,Income,0.00077777,JUV,,,,,0.022546866929833004,Binance,FALSE,c99a2164-bf50-4609-b840-a7e253c3a127
2020-12-21T11:49:28.000Z,Income,100,TWT,,,,,9.334255731353,Binance,FALSE,dba76066-f13a-4171-8018-902d62c0c915
2020-12-25T08:30:44.000Z,Income,0.0150798,1INCH,,,,,0.04023054312277352,Binance,FALSE,754736bf-2a79-45ca-a540-00ffa71d4133
2020-12-28T07:19:10.000Z,Income,0.0336446,DOTDOWN,,,,,0.04676599399999999,Binance,FALSE,6a7a8a7d-d3bf-4621-8f59-f298fd755eff
2020-12-28T12:01:19.000Z,Income,0.0077754,CBK,,,,,,Binance,FALSE,c66a9b1f-5c9a-4cdf-987b-1d7e000ccc86
2020-12-29T06:00:14.000Z,Income,1.30134,REEF,,,,,0.03631319395627241,Binance,FALSE,1750768e-4e46-40d8-9449-312c8470412e
2020-12-30T07:18:08.000Z,Income,0.00203811,OG,,,,,0.023589399423825173,Binance,FALSE,fedc5593-fb52-4027-b339-b613275518af
2020-12-30T15:01:32.000Z,Income,0.00082,ATM,,,,,0,Binance,FALSE,8103720d-f4a0-4f65-851c-a6b499f62525
2021-01-01T15:01:32.000Z,Income,0.00072915,COVEROLD,,,,,,Binance,FALSE,dd9831f2-3831-4fc3-b010-21dcfd011a2d
2021-01-01T17:05:10.000Z,Income,0.00896506,ASR,,,,,0.06410503848672235,Binance,FALSE,4af15306-97c3-451e-b122-da807b8e615d
2021-01-05T05:20:44.000Z,Income,0.0927297,EOSUP,,,,,0.3104590356,Binance,FALSE,76215eb3-8656-4ead-8184-278ed71c9bfb
2021-01-05T08:55:51.000Z,Income,0.0108035,CELO,,,,,0.03322120477091791,Binance,FALSE,05f78ca3-2bc8-4197-9047-17d10958873c
2021-01-06T15:42:23.000Z,Income,0.0071627,XLMUP,,,,,,Binance,FALSE,4b8535ee-59b1-4ac7-aedb-96f0fcc21b3d
2021-01-06T17:19:14.000Z,Income,0.0000057,PAXG,,,,,0.01108857069655553,Binance,FALSE,f15f19a1-a0a0-42fa-aa58-bf1f69cc3575
2021-01-07T00:22:50.000Z,Income,0.1300397,SUSD,,,,,0.130254857557044,Binance,FALSE,95820ae0-6eca-4ce9-991c-0ab31351d33b
2021-01-07T10:15:43.000Z,Income,0.1546356,XLMDOWN,,,,,,Binance,FALSE,d0f0a6a8-5988-428a-8341-fcc58462b352
2021-01-09T08:46:10.000Z,Income,0.012054,SUSHIUP,,,,,,Binance,FALSE,353cdd92-891b-4c5a-9a5f-8ab4e394de22
2021-01-13T06:00:11.000Z,Income,0.002952,BTCST,,,,,0,Binance,FALSE,6fe7a66d-f59c-4a70-9e1e-1552b098b7b3
2021-01-14T07:13:21.000Z,Income,0.1257634,SUSHIDOWN,,,,,,Binance,FALSE,4f0ea00c-7c0f-4df5-bcf3-d9b130fe3f1c
2021-01-14T08:52:22.000Z,Income,0.0001517,LTCUP,,,,,0.005182071999999999,Binance,FALSE,55a4fb75-07af-4947-9357-6f103cbee944
2021-01-14T14:34:27.000Z,Income,2.10020409,RIF,,,,,0.46513937702690694,Binance,FALSE,81cb3d36-9780-4ec5-b224-931089b32055
2021-01-15T18:53:09.000Z,Income,0.00041,HEGIC,,,,,0.0001080005009037234,Binance,FALSE,4cc35aef-c691-415a-a62f-75bf1324f051
2021-01-16T19:02:57.000Z,Income,2.5e-7,RENBTC,,,,,0.009185051165490229,Binance,FALSE,f5249880-ba8f-449f-b44a-044f4a197d1c
2021-01-19T07:04:14.000Z,Income,0.187452,TRU,,,,,0.06182747151326363,Binance,FALSE,fbd09768-6cf9-418a-9939-08e50ba620ad
2021-01-21T18:41:54.000Z,Income,0.04346,AERGO,,,,,0.002067763359557051,Binance,FALSE,732ea37a-1d4e-4227-80bc-34c74bc4fd80
2021-01-22T01:59:40.000Z,Income,0.9271535,AAVEDOWN,,,,,,Binance,FALSE,9ce5ebec-b4f1-4749-a10d-936f7b84ffc3
2021-01-24T20:41:42.000Z,Income,0.0101557,TRXDOWN,,,,,0.0237541823,Binance,FALSE,56e3b7d3-ac44-4329-80cd-6eac56395f0f
2021-01-25T17:54:40.000Z,Income,0.006683,BURGER,,,,,0.0049701471,Binance,FALSE,43e500e5-b4ed-4abf-aada-b133bfac9022
2021-01-27T01:30:20.000Z,Income,1.191706,SXPDOWN,,,,,0.007205054476,Binance,FALSE,c0ef86ce-792e-46cb-82d1-332da00f243e
2021-01-28T08:27:46.000Z,Income,0.45309875,FIRO,,,,,1.8466810439804326,Binance,FALSE,96a51541-9921-4861-b261-8d4e83085851
2021-01-29T08:17:56.000Z,Income,71.66267,CKB,,,,,0.3759773278348049,Binance,FALSE,8fb115e7-3374-4073-a81e-cdcfb6f4f1f8
2021-02-02T04:10:23.000Z,Income,0.0367237,DF,,,,,0.00631280403,Binance,FALSE,c8efaae9-f904-453e-bf66-115dedde543e
2021-02-03T09:03:50.000Z,Income,0.0191183,PROS,,,,,0.0452850202516225,Binance,FALSE,88e39ccb-e604-4ef0-81f8-698f373b014b
2021-02-04T06:00:33.000Z,Income,0.0013325,LIT,,,,,0.005856068867267441,Binance,FALSE,3e4cff56-17df-4657-9cf6-9e8e12d8c141
2021-02-08T13:05:06.000Z,Income,0.0679821,SFP,,,,,0.07830939255256393,Binance,FALSE,51cadcc5-b358-465d-8de2-c35d193b0dbd
2021-02-12T13:34:06.000Z,Income,0.00000451,BETH,,,,,,Binance,FALSE,2ab6ef85-ab80-44bd-a3e0-c13772d98ed0
2021-02-18T09:00:16.000Z,Income,0.0016072,FXS,,,,,0,Binance,FALSE,45d19656-69ba-4385-b45c-21880bce136f
2021-02-19T10:00:01.000Z,Income,0.008487,DODO,,,,,0.04705320999912453,Binance,FALSE,6e871d63-50e3-4de4-a8f1-857e28145d05
2021-02-20T07:11:56.000Z,Income,0.0104263,CVP,,,,,0.04099976230469337,Binance,FALSE,bd9111d5-e266-43d1-a6f2-68e649253a03
2021-02-23T07:01:28.000Z,Income,0.145265,AUCTION,,,,,0,Binance,FALSE,f8058233-124c-4a8d-b382-e0fbd0318d29
2021-02-24T16:54:03.000Z,Income,0.00022017,ACM,,,,,0,Binance,FALSE,f4f41e5a-b18b-47d6-93c7-055444c081fc
2021-02-26T09:00:51.000Z,Income,0.0095038,TVK,,,,,0.007110401910352929,Binance,FALSE,71accad0-2a5e-44c3-b7c9-bcf65691c28a
2021-03-03T21:10:21.000Z,Income,0.00095448,DEXE,,,,,,Binance,FALSE,0d97b760-a55c-42d3-82a4-5b1b836b0632
2021-03-04T15:13:10.000Z,Income,0.01164195,BADGER,,,,,0.6142057853804068,Binance,FALSE,f2d0b8bf-2ac0-4b1e-8371-7ebd03b5efed
2021-03-08T09:02:12.000Z,Income,0.0516559,OM,,,,,0.022430794989517014,Binance,FALSE,273abcd0-6318-4487-bcc6-d103e4238665
2021-03-10T11:01:23.000Z,Income,0.00032964,DEGO,,,,,,Binance,FALSE,6111ff02-f85c-40a8-bbd2-c43d33be6ca6
2021-03-13T11:04:18.000Z,Income,0.1611751,POND,,,,,0.02371400702607984,Binance,FALSE,3534052e-bec4-48ef-a104-953e3c3f1ca4
2021-03-15T06:00:08.000Z,Income,0.0027511,ALICE,,,,,0.04584583678909014,Binance,FALSE,91edeea5-37dc-428d-a6af-e1f57dff40c5
2021-03-18T12:00:03.000Z,Income,0.71914,LINA,,,,,,Binance,FALSE,51107b86-072c-4688-a5e0-4b5d01a9cc9a
2021-03-19T08:00:42.000Z,Income,0.00115087,PERP,,,,,0.01555925091040236,Binance,FALSE,a84d1378-909d-4479-9d6a-a25c116f7b7f
2021-03-22T09:00:00.000Z,Income,0.0089011,RAMP,,,,,0.008472749400111562,Binance,FALSE,0a5d03ad-5f34-43f7-8cdb-c5c19e7910ab
2021-03-25T00:00:46.000Z,Income,0.00176054,FIS,,,,,0.006652502959300664,Binance,FALSE,d9556eea-5580-4199-8c30-f617dfe7acfd
2021-03-25T17:18:28.000Z,Income,0.080606,SUPER,,,,,0.19623028793485262,Binance,FALSE,92846dd6-887f-44b2-a664-c23a33bac7c1
2021-03-26T17:42:01.000Z,Income,2.1578915,FILDOWN,,,,,,Binance,FALSE,558c9688-596e-4443-8a2b-0b1978fb975d
2021-03-29T11:02:57.000Z,Income,0.02159962,CFX,,,,,,Binance,FALSE,41850eb2-e36e-4733-9f26-35ad7e0a9b41
2021-04-02T09:00:48.000Z,Income,0.01102572,EPS,,,,,,Binance,FALSE,730376f0-900d-403f-9c45-916d15ab312f
2021-04-08T07:03:53.000Z,Income,11.25067121,PUNDIX,,,,,55.47124547758372,Binance,FALSE,e2ee60bc-6cb1-4c54-816c-16d00eb106d1
2021-04-09T13:55:33.000Z,Income,0.3698569,XTZDOWN,,,,,0.009509020899,Binance,FALSE,4022637f-7d50-4415-a43c-f5ad8766df10
2021-04-13T06:00:12.000Z,Income,0.0253462,TLM,,,,,0.039501728098593356,Binance,FALSE,c41a1cab-09d8-46f8-978c-37ceb88a856d
2021-04-21T11:06:01.000Z,Income,0.0004018,BAR,,,,,,Binance,FALSE,96dc8d1d-d8b6-44b4-84a6-77d6d0182ad3
2021-04-21T12:50:30.000Z,Income,0.0232675,PROM,,,,,0.24942760000000003,Binance,FALSE,7fb03237-72f2-4da6-b836-0eac99f8e97d
2021-04-26T14:21:39.000Z,Income,0.0075235,MIR,,,,,0.07144276993069558,Binance,FALSE,f5bd8e68-29e4-4a4c-ac8a-ba4e33b87e67
2021-04-29T07:18:41.000Z,Income,0.5051323,EZ,,,,,,Binance,FALSE,3a3865ba-e9f0-443a-8e91-0aed20968d7d
2021-05-03T14:37:11.000Z,Income,0.0012177,1INCHUP,,,,,,Binance,FALSE,0cc9dbc3-78c7-44a0-be19-873f3307e4f5
2021-05-07T09:27:47.000Z,Income,0.2928548,BCHDOWN,,,,,,Binance,FALSE,339f03f5-6a6b-4e27-a600-a7020682db59
2021-05-10T11:00:02.000Z,Income,1673.4683,SHIB,,,,,0.04736094877250614,Binance,FALSE,47ff6ff0-84eb-418a-8800-bcfd97af4e58
2021-05-11T01:00:42.000Z,Income,0.0017384,ICP,,,,,0.7621239810893099,Binance,FALSE,13a9e10e-73ea-4cd7-9e8a-e26a33f23fa4
2021-05-12T11:00:18.000Z,Income,8.61,GYEN,,,,,0,Binance,FALSE,20076792-cd08-4b90-a80d-a86896840b6b
2021-05-14T12:20:25.000Z,Income,0.0000574,AR,,,,,0.002044014,Binance,FALSE,1805c1a5-4164-4eac-a9cc-80d1d7902d06
2021-05-27T06:20:59.000Z,Income,0.0009307,MASK,,,,,,Binance,FALSE,45cad290-fd1e-4e49-aa73-8557d0291f6c
2021-06-01T04:06:05.000Z,Income,0.00205,MDX,,,,,,Binance,FALSE,abb052ee-2e8d-4f05-a48a-c4a6e8146955
2021-06-01T12:24:21.000Z,Income,40.85691,AGIX,,,,,,Binance,FALSE,1a081ba5-4421-4214-acca-0b0a9e19dac2
2021-06-04T12:15:22.000Z,Income,0.01312,NU,,,,,0.005498507209177232,Binance,FALSE,ab67070d-5c04-488b-ac8f-9d7a611d62c8
2021-06-07T06:39:54.000Z,Income,0.0041,ATA,,,,,,Binance,FALSE,a3995bd7-32f8-4273-a613-c5b6f73b8d2e
2021-06-07T07:49:39.000Z,Income,0.026363,BCHUP,,,,,,Binance,FALSE,7535d22c-2920-4ce8-8027-3ca6b3e38f1f
2021-06-10T14:34:56.000Z,Income,0.0015047,GTC,,,,,,Binance,FALSE,c8ba4fed-4582-4e78-8392-83b5392b977f
2021-06-17T08:09:33.000Z,Income,0.64288,KEEP,,,,,0.43521276401080033,Binance,FALSE,d4a57784-7342-479a-a1ac-3882838a044f
2021-06-21T18:01:07.000Z,Income,0.3108948,1INCHDOWN,,,,,,Binance,FALSE,b8bda0c9-2239-4598-9713-27f3fe7bf073
2021-07-14T03:51:10.000Z,Income,0.000738,ERN,,,,,0.0042831247423259135,Binance,FALSE,939ea199-59d1-4a1f-b4b3-74b0c64c746d
2021-07-23T12:00:00.000Z,Income,0.18573,C98,,,,,0,Binance,FALSE,f2b62749-304e-42c0-a287-370023d3e1d5
2021-07-29T15:41:15.000Z,Income,0.00006355,QNT,,,,,0.008264481605703426,Binance,FALSE,38f6a41e-db1e-4286-97b6-f9811e76340a
2021-07-30T13:00:00.000Z,Income,0.0081713,FLOW,,,,,0.19316953199999998,Binance,FALSE,f6fcb707-d52b-445f-9e00-8174a5c0d029
2021-08-05T18:26:36.000Z,Income,12256.96,XEC,,,,,359864.34559999994,Binance,FALSE,8de146d6-4999-463c-acfe-d6f965daacc2
2021-08-10T02:33:16.000Z,Income,4.1e-7,QUICK,,,,,0.00024201199206580758,Binance,FALSE,b3664376-7ec5-4eed-8a69-5614abd82a42
2021-08-10T06:00:01.000Z,Income,0.219514,MINA,,,,,0,Binance,FALSE,69df1561-5be4-4fe6-a9b3-96d8e833a4ed
2021-08-11T00:44:49.000Z,Income,0.00164,RAY,,,,,0,Binance,FALSE,8d9aa018-202b-4acf-acbc-26d99438f48f
2021-08-11T08:35:14.000Z,Income,0.00001025,FARM,,,,,0.0033864974999999998,Binance,FALSE,9af5c8df-8265-42d2-ad18-93172bbb46ff
2021-08-18T11:41:38.000Z,Income,21.6052,VGX,,,,,78.25189578776094,Binance,FALSE,1e88e099-67b4-4215-bc58-1d1185e0cedf
2021-08-19T08:00:09.000Z,Income,0.011439,MBOX,,,,,0,Binance,FALSE,787c9219-026c-49e3-8bbf-add7d3bec580
2021-08-23T06:30:01.000Z,Income,1.88313,WAXP,,,,,,Binance,FALSE,30445ec1-8ffd-4eae-b659-d85d4cf48e15
2021-08-23T12:52:38.000Z,Income,0.085526,CLV,,,,,0.12928496091808364,Binance,FALSE,1463ad08-fc59-4d3b-b93a-2e205b015e74
2021-08-30T06:08:10.000Z,Income,0.00013038,GNO,,,,,0.048134886838514156,Binance,FALSE,1db7951c-5020-493f-b6b2-7823339c8d5e
2021-09-09T11:50:41.000Z,Income,0.00041,DYDX,,,,,0,Binance,FALSE,30cbc632-3a37-4e2a-a5c1-939d46bcc2f9
2021-09-13T07:04:37.000Z,Income,0.23944,GALA,,,,,0.017712873165233588,Binance,FALSE,32d85aa8-3499-4979-8173-1fde6de4b1c8
2021-09-24T06:53:36.000Z,Income,0.000656,YGG,,,,,,Binance,FALSE,89ab13a8-f6c2-4e1a-844d-cc1fbe4ae19a
2021-09-24T13:48:05.000Z,Income,0.0000164,ILV,,,,,,Binance,FALSE,ed8a0c34-f209-4388-bca7-c3b96f908335
2021-10-04T14:56:02.000Z,Income,0.034153,KLAY,,,,,0.042076496000000005,Binance,FALSE,5b385a72-84f5-4992-83ce-91ea7c0c1773
2021-10-05T16:02:34.000Z,Income,0.001701,AGLD,,,,,0.006164208950546512,Binance,FALSE,5a3b7356-f20e-48ef-90fe-e663f2d52157
2021-10-07T13:34:51.000Z,Income,0.000369,RAD,,,,,,Binance,FALSE,ea6185c9-6e80-43a3-b21f-b2649b775191
2021-10-08T12:01:22.000Z,Income,0.00205,BETA,,,,,,Binance,FALSE,23cea2d9-34a4-4c4c-9eb5-bb4a462eff5f
2021-10-11T06:00:00.000Z,Income,0.004879,RARE,,,,,,Binance,FALSE,601ec5d0-ce71-4169-84ed-1f07584948b7
2021-10-20T15:08:26.000Z,Income,4.0896754,SSV,,,,,0.56069449734,Binance,FALSE,8f3ae078-742f-4306-91cf-1e686915d19d
2021-10-21T12:00:07.000Z,Income,0.0001968,LAZIO,,,,,,Binance,FALSE,3d102226-15ae-4fca-a689-825918908ea8
2021-11-03T20:35:37.000Z,Income,0.016851,FIDA,,,,,,Binance,FALSE,f49cbcbe-41f0-4bb4-8b25-3178e1048b96
2021-11-08T06:19:54.000Z,Income,0.00042845,MOVR,,,,,0.175690207,Binance,FALSE,b4306615-d8ea-4204-9994-b1db6a173994
2021-11-10T08:05:03.000Z,Income,0.0007749,CITY,,,,,0.00009043386425320356,Binance,FALSE,e734625b-4ff4-45e2-9cd4-b86ce95f624d
2021-11-10T08:15:08.000Z,Income,0.0000902,ENS,,,,,0.00555181,Binance,FALSE,140accb8-82d5-4c8c-a5aa-7534791d1917
2021-11-23T02:46:16.000Z,Income,0.220498,JASMY,,,,,0.04798070483490705,Binance,FALSE,96d001dd-0a14-4649-91f8-f407578d387d
2021-11-23T06:48:19.000Z,Income,0.60147,AMP,,,,,0.03901996862677127,Binance,FALSE,ba375d73-adec-4d71-91f9-df8d567af16d
2021-11-24T16:49:24.000Z,Income,4.4331158,BOBA,,,,,,Binance,FALSE,236a6a4f-20a4-4f53-aa9d-fd56e0ad1993
2021-11-27T10:00:04.000Z,Income,0.1243899,RNDR,,,,,0.8676531195421389,Binance,FALSE,49d7aa6e-4f6f-4436-8881-023ec1db3def
2021-12-01T11:01:16.000Z,Income,0.0017548,SANTOS,,,,,,Binance,FALSE,bddde211-1ec4-418e-b6fc-964fc01a81bc
2021-12-02T08:06:36.000Z,Income,0.1210812,MC,,,,,,Binance,FALSE,d83464e4-9150-4d24-8e00-de81694e8427
2021-12-05T11:50:34.000Z,Income,0.000902,PORTO,,,,,,Binance,FALSE,50e312be-f197-4362-948c-73cdf14c8e61
2021-12-14T13:24:41.000Z,Income,0.006068,VOXEL,,,,,0,Binance,FALSE,043c0220-9c1b-4c71-aa26-16e90bb4e963
2021-12-14T14:49:33.000Z,Income,18.02495906,SGB,,,,,4.570601234919369,Binance,FALSE,6f97b26a-dbe6-4a99-a014-b80fb15f750c
2021-12-23T16:39:26.000Z,Income,955.4459717,OOKI,,,,,,Binance,FALSE,1dbacac4-5e31-4147-bfa1-fa84576dd0c3
2021-12-24T01:38:12.000Z,Income,0.00051414,CVX,,,,,,Binance,FALSE,aac0ef32-2975-4d36-9abe-137f54ec8fe7
2021-12-25T12:02:46.000Z,Income,0.0034768,BICO,,,,,,Binance,FALSE,05f02517-1be8-48eb-9102-047c1e20b478